fecha,accion,intencion
2026-07-06,responder,promociones
2026-07-06,responder,cita
2026-07-06,responder,promociones
2026-07-06,responder,horario
2026-07-06,responder,promociones
2026-07-06,responder,promociones
2026-07-06,responder,horario
2026-07-06,responder,promociones
2026-07-06,responder,pago
2026-07-06,responder,delivery
2026-07-06,responder,horario
2026-07-06,responder,aclarar
2026-07-06,responder,horario
2026-07-06,responder,pago
2026-07-06,responder,pago
2026-07-06,responder,aclarar
2026-07-07,responder,delivery
2026-07-07,responder,delivery
2026-07-07,responder,pago
2026-07-07,derivar,reclamo
2026-07-07,derivar,reclamo
2026-07-07,responder,pago
2026-07-07,responder,delivery
2026-07-07,silencio,en_manos_de_asesor
2026-07-07,responder,horario
2026-07-07,responder,cita
2026-07-07,responder,delivery
2026-07-07,derivar,pide_persona
2026-07-07,responder,precio_lentes
2026-07-07,responder,promociones
2026-07-07,responder,promociones
2026-07-07,responder,horario
2026-07-07,responder,promociones
2026-07-08,responder,horario
2026-07-08,silencio,en_manos_de_asesor
2026-07-08,responder,horario
2026-07-08,responder,precio_lentes
2026-07-08,responder,aclarar
2026-07-08,responder,cita
2026-07-08,derivar,sin_respuesta
2026-07-08,derivar,sin_respuesta
2026-07-08,responder,horario
2026-07-08,responder,horario
2026-07-08,responder,promociones
2026-07-08,responder,horario
2026-07-08,responder,horario
2026-07-08,responder,aclarar
2026-07-08,responder,aclarar
2026-07-08,responder,aclarar
2026-07-09,responder,cita
2026-07-09,responder,delivery
2026-07-09,responder,aclarar
2026-07-09,responder,horario
2026-07-09,responder,horario
2026-07-09,responder,promociones
2026-07-09,derivar,sin_respuesta
2026-07-09,responder,promociones
2026-07-09,silencio,en_manos_de_asesor
2026-07-09,responder,pago
2026-07-09,responder,promociones
2026-07-09,responder,precio_lentes
2026-07-09,responder,aclarar
2026-07-09,responder,aclarar
2026-07-09,responder,cita
2026-07-09,silencio,en_manos_de_asesor
2026-07-09,responder,horario
2026-07-09,derivar,pide_persona
2026-07-09,responder,horario
2026-07-09,responder,horario
2026-07-09,responder,aclarar
2026-07-09,responder,promociones
2026-07-09,responder,horario
2026-07-09,responder,cita
2026-07-10,responder,horario
2026-07-10,responder,precio_lentes
2026-07-10,derivar,pide_persona
2026-07-10,silencio,en_manos_de_asesor
2026-07-10,responder,pago
2026-07-10,responder,horario
2026-07-10,silencio,en_manos_de_asesor
2026-07-10,responder,precio_lentes
2026-07-10,responder,delivery
2026-07-10,responder,cita
2026-07-10,derivar,pide_persona
2026-07-10,responder,promociones
2026-07-10,responder,delivery
2026-07-10,responder,pago
2026-07-10,responder,pago
2026-07-10,responder,promociones
2026-07-10,responder,cita
2026-07-11,responder,promociones
2026-07-11,responder,aclarar
2026-07-11,responder,promociones
2026-07-11,responder,pago
2026-07-11,responder,precio_lentes
2026-07-11,silencio,en_manos_de_asesor
2026-07-11,responder,precio_lentes
2026-07-11,responder,aclarar
2026-07-11,responder,horario
2026-07-11,responder,horario
2026-07-11,silencio,en_manos_de_asesor
2026-07-11,responder,cita
2026-07-11,responder,delivery
2026-07-11,responder,delivery
2026-07-11,silencio,en_manos_de_asesor
2026-07-11,responder,horario
2026-07-11,silencio,en_manos_de_asesor
2026-07-11,responder,cita
2026-07-12,responder,promociones
2026-07-12,silencio,en_manos_de_asesor
2026-07-12,derivar,pide_persona
2026-07-12,responder,cita
2026-07-12,responder,aclarar
2026-07-12,responder,pago
2026-07-12,responder,aclarar
2026-07-12,responder,pago
2026-07-12,responder,aclarar
2026-07-12,responder,precio_lentes
2026-07-12,derivar,sin_respuesta
2026-07-12,derivar,sin_respuesta
2026-07-12,responder,cita
2026-07-12,responder,aclarar
2026-07-12,responder,promociones
2026-07-12,responder,aclarar
2026-07-12,responder,precio_lentes
2026-07-12,derivar,sin_respuesta
2026-07-12,responder,aclarar
2026-07-12,responder,cita
2026-07-12,responder,precio_lentes
2026-07-12,responder,horario
2026-07-12,responder,precio_lentes
2026-07-12,responder,delivery
2026-07-13,responder,promociones
2026-07-13,silencio,en_manos_de_asesor
2026-07-13,responder,pago
2026-07-13,responder,horario
2026-07-13,responder,precio_lentes
2026-07-13,responder,promociones
2026-07-13,responder,pago
2026-07-13,responder,cita
2026-07-13,responder,precio_lentes
2026-07-13,responder,horario
2026-07-13,responder,delivery
2026-07-13,responder,horario
2026-07-13,responder,delivery
2026-07-13,responder,delivery
2026-07-13,responder,horario
2026-07-13,responder,delivery
2026-07-13,responder,pago
2026-07-13,responder,pago
2026-07-14,responder,pago
2026-07-14,responder,cita
2026-07-14,silencio,en_manos_de_asesor
2026-07-14,responder,cita
2026-07-14,responder,delivery
2026-07-14,responder,delivery
2026-07-14,responder,cita
2026-07-14,responder,horario
2026-07-14,responder,delivery
2026-07-14,responder,delivery
2026-07-14,derivar,reclamo
2026-07-14,responder,promociones
2026-07-14,responder,precio_lentes
2026-07-14,responder,promociones
2026-07-14,responder,horario
2026-07-14,responder,promociones
2026-07-14,responder,precio_lentes
2026-07-14,responder,aclarar
2026-07-14,responder,delivery
2026-07-14,responder,aclarar
2026-07-15,silencio,en_manos_de_asesor
2026-07-15,responder,aclarar
2026-07-15,responder,delivery
2026-07-15,responder,precio_lentes
2026-07-15,responder,horario
2026-07-15,responder,precio_lentes
2026-07-15,responder,pago
2026-07-15,silencio,en_manos_de_asesor
2026-07-15,responder,promociones
2026-07-15,responder,cita
2026-07-15,responder,aclarar
2026-07-15,responder,pago
2026-07-15,responder,promociones
2026-07-15,responder,pago
2026-07-15,responder,promociones
2026-07-16,responder,horario
2026-07-16,responder,horario
2026-07-16,responder,horario
2026-07-16,responder,pago
2026-07-16,responder,promociones
2026-07-16,responder,horario
2026-07-16,derivar,reclamo
2026-07-16,responder,cita
2026-07-16,responder,promociones
2026-07-16,responder,delivery
2026-07-16,responder,precio_lentes
2026-07-16,silencio,en_manos_de_asesor
2026-07-16,responder,precio_lentes
2026-07-16,responder,horario
2026-07-16,responder,cita
2026-07-16,derivar,sin_respuesta
2026-07-16,responder,precio_lentes
2026-07-17,responder,aclarar
2026-07-17,derivar,reclamo
2026-07-17,responder,delivery
2026-07-17,responder,cita
2026-07-17,responder,cita
2026-07-17,responder,aclarar
2026-07-17,responder,pago
2026-07-17,derivar,reclamo
2026-07-17,responder,promociones
2026-07-17,responder,horario
2026-07-17,responder,horario
2026-07-17,responder,precio_lentes
2026-07-17,responder,delivery
2026-07-17,responder,pago
2026-07-17,responder,delivery
2026-07-17,derivar,pide_persona
2026-07-17,responder,precio_lentes
2026-07-17,responder,delivery
2026-07-17,responder,cita
2026-07-17,silencio,en_manos_de_asesor
2026-07-18,responder,cita
2026-07-18,derivar,pide_persona
2026-07-18,responder,aclarar
2026-07-18,responder,pago
2026-07-18,responder,pago
2026-07-18,responder,precio_lentes
2026-07-18,responder,aclarar
2026-07-18,responder,precio_lentes
2026-07-18,responder,delivery
2026-07-18,responder,horario
2026-07-18,responder,precio_lentes
2026-07-18,responder,delivery
2026-07-18,responder,delivery
2026-07-18,silencio,en_manos_de_asesor
2026-07-19,responder,horario
2026-07-19,responder,horario
2026-07-19,responder,promociones
2026-07-19,derivar,reclamo
2026-07-19,responder,horario
2026-07-19,responder,promociones
2026-07-19,responder,pago
2026-07-19,responder,horario
2026-07-19,silencio,en_manos_de_asesor
2026-07-19,responder,aclarar
2026-07-19,responder,promociones
2026-07-19,derivar,sin_respuesta
2026-07-19,responder,pago
2026-07-19,responder,promociones
2026-07-19,responder,cita
2026-07-19,responder,aclarar
2026-07-19,responder,pago
2026-07-19,responder,delivery
2026-07-19,responder,pago
2026-07-19,responder,delivery
2026-07-19,responder,precio_lentes
2026-07-19,responder,delivery
2026-07-19,responder,delivery
2026-07-20,responder,horario
2026-07-20,responder,pago
2026-07-20,responder,delivery
2026-07-20,responder,pago
2026-07-20,responder,promociones
2026-07-20,responder,pago
2026-07-20,silencio,en_manos_de_asesor
2026-07-20,responder,promociones
2026-07-20,responder,precio_lentes
2026-07-20,responder,promociones
2026-07-20,responder,delivery
2026-07-20,responder,aclarar
2026-07-20,responder,delivery
2026-07-20,silencio,en_manos_de_asesor
2026-07-20,responder,pago
2026-07-20,responder,precio_lentes
2026-07-20,responder,horario
2026-07-21,responder,precio_lentes
2026-07-21,silencio,en_manos_de_asesor
2026-07-21,responder,horario
2026-07-21,responder,precio_lentes
2026-07-21,responder,cita
2026-07-21,responder,aclarar
2026-07-21,responder,pago
2026-07-21,silencio,en_manos_de_asesor
2026-07-21,responder,promociones
2026-07-21,derivar,sin_respuesta
2026-07-21,responder,delivery
2026-07-21,responder,promociones
2026-07-21,responder,aclarar
2026-07-21,responder,precio_lentes
2026-07-21,responder,promociones
2026-07-21,responder,horario
2026-07-21,responder,precio_lentes
2026-07-21,derivar,pide_persona
2026-07-21,responder,promociones
2026-07-21,responder,horario
2026-07-21,responder,horario
2026-07-22,responder,horario
2026-07-22,responder,cita
2026-07-22,derivar,sin_respuesta
2026-07-22,derivar,sin_respuesta
2026-07-22,responder,promociones
2026-07-22,responder,precio_lentes
2026-07-22,responder,cita
2026-07-22,responder,pago
2026-07-22,responder,aclarar
2026-07-22,responder,promociones
2026-07-22,responder,horario
2026-07-22,responder,precio_lentes
2026-07-22,responder,promociones
2026-07-22,derivar,reclamo
2026-07-22,silencio,en_manos_de_asesor
2026-07-22,responder,precio_lentes
2026-07-22,responder,cita
2026-07-22,responder,precio_lentes
2026-07-22,responder,cita
2026-07-22,responder,promociones
2026-07-23,responder,promociones
2026-07-23,responder,aclarar
2026-07-23,responder,cita
2026-07-23,responder,promociones
2026-07-23,responder,precio_lentes
2026-07-23,responder,pago
2026-07-23,responder,precio_lentes
2026-07-23,responder,pago
2026-07-23,responder,aclarar
2026-07-23,silencio,en_manos_de_asesor
2026-07-23,responder,delivery
2026-07-23,responder,cita
2026-07-23,responder,aclarar
2026-07-23,responder,delivery
2026-07-23,responder,promociones
2026-07-23,responder,horario
2026-07-23,responder,horario
2026-07-23,silencio,en_manos_de_asesor
2026-07-23,responder,horario
2026-07-23,responder,cita
2026-07-24,responder,aclarar
2026-07-24,responder,aclarar
2026-07-24,responder,horario
2026-07-24,responder,precio_lentes
2026-07-24,responder,delivery
2026-07-24,responder,precio_lentes
2026-07-24,responder,delivery
2026-07-24,responder,promociones
2026-07-24,silencio,en_manos_de_asesor
2026-07-24,responder,precio_lentes
2026-07-24,responder,promociones
2026-07-24,responder,aclarar
2026-07-24,responder,horario
2026-07-24,derivar,reclamo
2026-07-24,responder,promociones
2026-07-24,responder,aclarar
2026-07-25,responder,pago
2026-07-25,responder,aclarar
2026-07-25,silencio,en_manos_de_asesor
2026-07-25,responder,horario
2026-07-25,silencio,en_manos_de_asesor
2026-07-25,silencio,en_manos_de_asesor
2026-07-25,responder,horario
2026-07-25,responder,precio_lentes
2026-07-25,responder,aclarar
2026-07-25,responder,delivery
2026-07-25,responder,cita
2026-07-25,responder,horario
2026-07-25,responder,cita
2026-07-25,derivar,reclamo
2026-07-25,responder,pago
2026-07-25,responder,aclarar
2026-07-25,responder,delivery
2026-07-25,responder,horario
2026-07-26,responder,precio_lentes
2026-07-26,responder,horario
2026-07-26,responder,horario
2026-07-26,responder,promociones
2026-07-26,responder,cita
2026-07-26,responder,pago
2026-07-26,responder,promociones
2026-07-26,responder,pago
2026-07-26,derivar,reclamo
2026-07-26,responder,cita
2026-07-26,responder,cita
2026-07-26,responder,cita
2026-07-26,responder,promociones
2026-07-26,responder,cita
2026-07-26,silencio,en_manos_de_asesor
2026-07-26,responder,precio_lentes
2026-07-26,responder,delivery
2026-07-26,responder,aclarar
2026-07-26,responder,horario
2026-07-26,responder,cita
2026-07-26,responder,precio_lentes
2026-07-27,responder,horario
2026-07-27,responder,cita
2026-07-27,responder,cita
2026-07-27,responder,precio_lentes
2026-07-27,responder,delivery
2026-07-27,responder,horario
2026-07-27,responder,horario
2026-07-27,derivar,reclamo
2026-07-27,responder,aclarar
2026-07-27,derivar,sin_respuesta
2026-07-27,responder,horario
2026-07-27,responder,aclarar
2026-07-27,responder,pago
2026-07-27,derivar,pide_persona
2026-07-27,responder,pago
2026-07-27,responder,promociones
2026-07-27,responder,precio_lentes
2026-07-27,responder,promociones
2026-07-27,responder,precio_lentes
2026-07-27,responder,aclarar
2026-07-27,responder,cita
2026-07-27,derivar,reclamo
2026-07-27,responder,cita
2026-07-28,responder,cita
2026-07-28,responder,promociones
2026-07-28,responder,pago
2026-07-28,responder,promociones
2026-07-28,responder,delivery
2026-07-28,responder,pago
2026-07-28,responder,promociones
2026-07-28,responder,aclarar
2026-07-28,responder,horario
2026-07-28,responder,precio_lentes
2026-07-28,responder,cita
2026-07-28,responder,delivery
2026-07-28,responder,delivery
2026-07-28,silencio,en_manos_de_asesor
2026-07-29,responder,horario
2026-07-29,derivar,sin_respuesta
2026-07-29,responder,aclarar
2026-07-29,responder,aclarar
2026-07-29,responder,precio_lentes
2026-07-29,responder,pago
2026-07-29,responder,aclarar
2026-07-29,responder,promociones
2026-07-29,responder,pago
2026-07-29,derivar,sin_respuesta
2026-07-29,responder,promociones
2026-07-29,responder,horario
2026-07-29,responder,precio_lentes
2026-07-29,responder,cita
2026-07-29,responder,promociones
2026-07-29,responder,delivery
2026-07-29,responder,aclarar
2026-07-29,derivar,pide_persona
2026-07-29,responder,delivery
2026-07-29,responder,precio_lentes
2026-07-30,responder,horario
2026-07-30,silencio,en_manos_de_asesor
2026-07-30,responder,precio_lentes
2026-07-30,silencio,en_manos_de_asesor
2026-07-30,silencio,en_manos_de_asesor
2026-07-30,responder,promociones
2026-07-30,derivar,pide_persona
2026-07-30,responder,promociones
2026-07-30,responder,cita
2026-07-30,responder,aclarar
2026-07-30,responder,precio_lentes
2026-07-30,responder,precio_lentes
2026-07-30,silencio,en_manos_de_asesor
2026-07-30,responder,pago
2026-07-30,responder,delivery
2026-07-30,responder,aclarar
2026-07-31,silencio,en_manos_de_asesor
2026-07-31,responder,cita
2026-07-31,derivar,sin_respuesta
2026-07-31,responder,pago
2026-07-31,responder,horario
2026-07-31,silencio,en_manos_de_asesor
2026-07-31,responder,pago
2026-07-31,silencio,en_manos_de_asesor
2026-07-31,derivar,pide_persona
2026-07-31,responder,delivery
2026-07-31,derivar,pide_persona
2026-07-31,derivar,reclamo
2026-07-31,responder,cita
2026-07-31,responder,promociones
2026-07-31,responder,horario
2026-07-31,responder,promociones
2026-08-01,responder,precio_lentes
2026-08-01,responder,promociones
2026-08-01,responder,horario
2026-08-01,silencio,en_manos_de_asesor
2026-08-01,responder,horario
2026-08-01,responder,pago
2026-08-01,responder,precio_lentes
2026-08-01,responder,cita
2026-08-01,responder,aclarar
2026-08-01,responder,promociones
2026-08-01,responder,delivery
2026-08-01,responder,cita
2026-08-01,responder,pago
2026-08-01,derivar,sin_respuesta
2026-08-01,responder,pago
2026-08-01,responder,delivery
2026-08-01,responder,pago
2026-08-01,responder,precio_lentes
2026-08-01,responder,horario
2026-08-01,responder,horario
2026-08-01,derivar,pide_persona
2026-08-02,responder,promociones
2026-08-02,silencio,en_manos_de_asesor
2026-08-02,derivar,reclamo
2026-08-02,responder,promociones
2026-08-02,responder,horario
2026-08-02,responder,promociones
2026-08-02,responder,pago
2026-08-02,derivar,sin_respuesta
2026-08-02,responder,horario
2026-08-02,responder,aclarar
2026-08-02,responder,aclarar
2026-08-02,responder,delivery
2026-08-02,responder,promociones
2026-08-02,responder,delivery
2026-08-02,responder,cita
2026-08-02,responder,promociones
2026-08-03,responder,promociones
2026-08-03,responder,delivery
2026-08-03,responder,promociones
2026-08-03,responder,pago
2026-08-03,derivar,sin_respuesta
2026-08-03,responder,delivery
2026-08-03,responder,pago
2026-08-03,responder,aclarar
2026-08-03,responder,delivery
2026-08-03,responder,promociones
2026-08-03,responder,pago
2026-08-03,responder,cita
2026-08-03,derivar,reclamo
2026-08-03,responder,pago
2026-08-03,responder,pago
2026-08-04,derivar,sin_respuesta
2026-08-04,responder,promociones
2026-08-04,responder,aclarar
2026-08-04,responder,pago
2026-08-04,responder,precio_lentes
2026-08-04,derivar,sin_respuesta
2026-08-04,responder,cita
2026-08-04,derivar,sin_respuesta
2026-08-04,responder,promociones
2026-08-04,derivar,reclamo
2026-08-04,responder,promociones
2026-08-04,responder,promociones
2026-08-04,responder,horario
2026-08-04,responder,precio_lentes
2026-08-04,responder,promociones
2026-08-04,responder,promociones
2026-08-04,silencio,en_manos_de_asesor
2026-08-04,responder,precio_lentes
2026-08-04,responder,precio_lentes
2026-08-04,responder,aclarar
2026-08-04,responder,cita
2026-08-04,responder,pago
2026-08-04,responder,precio_lentes
2026-08-05,responder,delivery
2026-08-05,responder,horario
2026-08-05,derivar,sin_respuesta
2026-08-05,responder,aclarar
2026-08-05,responder,precio_lentes
2026-08-05,responder,horario
2026-08-05,responder,horario
2026-08-05,silencio,en_manos_de_asesor
2026-08-05,derivar,reclamo
2026-08-05,responder,delivery
2026-08-05,responder,promociones
2026-08-05,responder,delivery
2026-08-05,silencio,en_manos_de_asesor
2026-08-05,responder,cita
2026-08-05,responder,cita
2026-08-05,responder,delivery
2026-08-05,responder,cita
2026-08-06,responder,pago
2026-08-06,responder,delivery
2026-08-06,responder,promociones
2026-08-06,responder,delivery
2026-08-06,responder,horario
2026-08-06,derivar,sin_respuesta
2026-08-06,responder,cita
2026-08-06,silencio,en_manos_de_asesor
2026-08-06,responder,delivery
2026-08-06,responder,pago
2026-08-06,responder,delivery
2026-08-06,responder,horario
2026-08-06,responder,precio_lentes
2026-08-06,responder,precio_lentes
2026-08-06,responder,pago
2026-08-06,responder,aclarar
2026-08-06,responder,aclarar
2026-08-07,responder,delivery
2026-08-07,responder,pago
2026-08-07,responder,cita
2026-08-07,responder,pago
2026-08-07,responder,horario
2026-08-07,responder,horario
2026-08-07,responder,cita
2026-08-07,responder,delivery
2026-08-07,responder,promociones
2026-08-07,responder,precio_lentes
2026-08-07,responder,cita
2026-08-07,responder,precio_lentes
2026-08-07,derivar,sin_respuesta
2026-08-07,responder,precio_lentes
2026-08-08,responder,precio_lentes
2026-08-08,responder,horario
2026-08-08,responder,horario
2026-08-08,responder,delivery
2026-08-08,derivar,reclamo
2026-08-08,derivar,pide_persona
2026-08-08,responder,precio_lentes
2026-08-08,responder,horario
2026-08-08,responder,pago
2026-08-08,responder,precio_lentes
2026-08-08,responder,delivery
2026-08-08,silencio,en_manos_de_asesor
2026-08-08,responder,delivery
2026-08-08,responder,pago
2026-08-08,responder,promociones
2026-08-08,responder,precio_lentes
2026-08-08,responder,delivery
2026-08-08,responder,cita
2026-08-08,responder,cita
2026-08-09,silencio,en_manos_de_asesor
2026-08-09,responder,precio_lentes
2026-08-09,derivar,reclamo
2026-08-09,responder,cita
2026-08-09,responder,precio_lentes
2026-08-09,derivar,sin_respuesta
2026-08-09,responder,pago
2026-08-09,responder,precio_lentes
2026-08-09,responder,delivery
2026-08-09,derivar,pide_persona
2026-08-09,responder,cita
2026-08-09,silencio,en_manos_de_asesor
2026-08-09,responder,cita
2026-08-09,responder,pago
2026-08-09,responder,promociones
2026-08-09,responder,promociones
2026-08-09,responder,precio_lentes
2026-08-09,responder,promociones
2026-08-09,responder,promociones
2026-08-09,derivar,pide_persona
2026-08-09,silencio,en_manos_de_asesor
2026-08-09,silencio,en_manos_de_asesor
2026-08-09,responder,precio_lentes
2026-08-09,responder,aclarar
2026-08-10,responder,aclarar
2026-08-10,responder,promociones
2026-08-10,responder,cita
2026-08-10,derivar,pide_persona
2026-08-10,responder,cita
2026-08-10,responder,delivery
2026-08-10,derivar,reclamo
2026-08-10,responder,horario
2026-08-10,responder,precio_lentes
2026-08-10,responder,promociones
2026-08-10,responder,horario
2026-08-10,responder,precio_lentes
2026-08-10,responder,promociones
2026-08-10,silencio,en_manos_de_asesor
2026-08-10,responder,precio_lentes
2026-08-11,responder,pago
2026-08-11,responder,promociones
2026-08-11,silencio,en_manos_de_asesor
2026-08-11,derivar,sin_respuesta
2026-08-11,responder,horario
2026-08-11,responder,pago
2026-08-11,responder,cita
2026-08-11,responder,aclarar
2026-08-11,responder,delivery
2026-08-11,responder,pago
2026-08-11,silencio,en_manos_de_asesor
2026-08-11,responder,delivery
2026-08-11,derivar,pide_persona
2026-08-11,responder,promociones
2026-08-11,responder,aclarar
2026-08-12,responder,aclarar
2026-08-12,responder,horario
2026-08-12,responder,pago
2026-08-12,silencio,en_manos_de_asesor
2026-08-12,responder,pago
2026-08-12,responder,cita
2026-08-12,responder,promociones
2026-08-12,responder,pago
2026-08-12,responder,pago
2026-08-12,responder,delivery
2026-08-12,responder,horario
2026-08-12,responder,aclarar
2026-08-12,silencio,en_manos_de_asesor
2026-08-12,responder,horario
2026-08-12,responder,cita
2026-08-12,responder,delivery
2026-08-12,responder,pago
2026-08-12,derivar,sin_respuesta
2026-08-13,responder,horario
2026-08-13,responder,aclarar
2026-08-13,silencio,en_manos_de_asesor
2026-08-13,responder,precio_lentes
2026-08-13,responder,promociones
2026-08-13,responder,horario
2026-08-13,responder,pago
2026-08-13,responder,precio_lentes
2026-08-13,responder,precio_lentes
2026-08-13,responder,pago
2026-08-13,derivar,pide_persona
2026-08-13,responder,delivery
2026-08-13,responder,pago
2026-08-13,responder,delivery
2026-08-13,responder,aclarar
2026-08-13,responder,promociones
2026-08-13,responder,delivery
2026-08-13,silencio,en_manos_de_asesor
2026-08-13,responder,delivery
2026-08-13,derivar,pide_persona
2026-08-13,derivar,sin_respuesta
2026-08-13,responder,pago
2026-08-13,responder,promociones
2026-08-13,responder,pago
2026-08-14,responder,cita
2026-08-14,responder,delivery
2026-08-14,responder,pago
2026-08-14,derivar,reclamo
2026-08-14,responder,pago
2026-08-14,responder,aclarar
2026-08-14,responder,cita
2026-08-14,responder,aclarar
2026-08-14,responder,cita
2026-08-14,derivar,sin_respuesta
2026-08-14,derivar,pide_persona
2026-08-14,responder,delivery
2026-08-14,responder,delivery
2026-08-14,silencio,en_manos_de_asesor
2026-08-15,responder,delivery
2026-08-15,responder,cita
2026-08-15,responder,pago
2026-08-15,silencio,en_manos_de_asesor
2026-08-15,responder,horario
2026-08-15,responder,cita
2026-08-15,responder,precio_lentes
2026-08-15,responder,promociones
2026-08-15,responder,delivery
2026-08-15,responder,cita
2026-08-15,responder,pago
2026-08-15,responder,precio_lentes
2026-08-15,responder,delivery
2026-08-15,silencio,en_manos_de_asesor
2026-08-15,responder,precio_lentes
2026-08-15,responder,cita
2026-08-15,responder,cita
2026-08-15,responder,aclarar
2026-08-15,responder,precio_lentes
2026-08-15,responder,delivery
2026-08-15,silencio,en_manos_de_asesor
2026-08-15,responder,horario
2026-08-15,derivar,pide_persona
2026-08-15,responder,aclarar
2026-08-16,silencio,en_manos_de_asesor
2026-08-16,responder,cita
2026-08-16,responder,aclarar
2026-08-16,derivar,reclamo
2026-08-16,responder,delivery
2026-08-16,silencio,en_manos_de_asesor
2026-08-16,responder,cita
2026-08-16,responder,pago
2026-08-16,responder,promociones
2026-08-16,responder,promociones
2026-08-16,responder,aclarar
2026-08-16,responder,delivery
2026-08-16,derivar,reclamo
2026-08-16,responder,delivery
2026-08-16,responder,horario
2026-08-16,responder,promociones
2026-08-16,responder,horario
2026-08-16,responder,pago
2026-08-16,responder,horario
2026-08-16,responder,cita
2026-08-16,responder,cita
2026-08-16,silencio,en_manos_de_asesor
2026-08-17,responder,promociones
2026-08-17,responder,promociones
2026-08-17,responder,cita
2026-08-17,responder,pago
2026-08-17,responder,pago
2026-08-17,derivar,pide_persona
2026-08-17,responder,delivery
2026-08-17,derivar,pide_persona
2026-08-17,responder,pago
2026-08-17,responder,pago
2026-08-17,derivar,sin_respuesta
2026-08-17,responder,pago
2026-08-17,responder,pago
2026-08-17,silencio,en_manos_de_asesor
2026-08-17,responder,promociones
2026-08-17,responder,aclarar
2026-08-17,responder,delivery
2026-08-17,derivar,pide_persona
2026-08-17,derivar,pide_persona
2026-08-17,silencio,en_manos_de_asesor
2026-08-17,derivar,sin_respuesta
2026-08-17,responder,cita
2026-08-18,responder,aclarar
2026-08-18,responder,aclarar
2026-08-18,responder,horario
2026-08-18,derivar,sin_respuesta
2026-08-18,responder,aclarar
2026-08-18,responder,precio_lentes
2026-08-18,derivar,pide_persona
2026-08-18,responder,precio_lentes
2026-08-18,derivar,pide_persona
2026-08-18,responder,delivery
2026-08-18,derivar,sin_respuesta
2026-08-18,responder,delivery
2026-08-18,derivar,pide_persona
2026-08-18,silencio,en_manos_de_asesor
2026-08-18,responder,aclarar
2026-08-18,derivar,pide_persona
2026-08-18,responder,horario
2026-08-18,responder,precio_lentes
2026-08-18,responder,promociones
2026-08-19,responder,cita
2026-08-19,responder,horario
2026-08-19,responder,delivery
2026-08-19,derivar,pide_persona
2026-08-19,responder,precio_lentes
2026-08-19,responder,aclarar
2026-08-19,responder,precio_lentes
2026-08-19,derivar,sin_respuesta
2026-08-19,responder,aclarar
2026-08-19,responder,horario
2026-08-19,responder,cita
2026-08-19,responder,aclarar
2026-08-19,responder,aclarar
2026-08-19,responder,horario
2026-08-19,responder,cita
2026-08-19,responder,precio_lentes
2026-08-19,responder,horario
2026-08-19,responder,aclarar
2026-08-19,silencio,en_manos_de_asesor
2026-08-19,responder,cita
2026-08-19,derivar,sin_respuesta
2026-08-19,derivar,sin_respuesta
2026-08-19,responder,precio_lentes
2026-08-20,responder,pago
2026-08-20,responder,delivery
2026-08-20,derivar,pide_persona
2026-08-20,responder,pago
2026-08-20,derivar,sin_respuesta
2026-08-20,responder,precio_lentes
2026-08-20,responder,delivery
2026-08-20,responder,horario
2026-08-20,responder,pago
2026-08-20,responder,promociones
2026-08-20,responder,precio_lentes
2026-08-20,responder,horario
2026-08-20,responder,precio_lentes
2026-08-20,responder,pago
2026-08-20,responder,horario
2026-08-21,derivar,pide_persona
2026-08-21,responder,precio_lentes
2026-08-21,responder,cita
2026-08-21,responder,cita
2026-08-21,responder,aclarar
2026-08-21,responder,horario
2026-08-21,responder,pago
2026-08-21,silencio,en_manos_de_asesor
2026-08-21,responder,promociones
2026-08-21,responder,pago
2026-08-21,responder,precio_lentes
2026-08-21,responder,promociones
2026-08-21,responder,horario
2026-08-21,responder,promociones
2026-08-21,responder,precio_lentes
2026-08-21,derivar,pide_persona
2026-08-21,responder,precio_lentes
2026-08-22,responder,cita
2026-08-22,silencio,en_manos_de_asesor
2026-08-22,derivar,sin_respuesta
2026-08-22,responder,cita
2026-08-22,responder,delivery
2026-08-22,responder,cita
2026-08-22,responder,aclarar
2026-08-22,derivar,reclamo
2026-08-22,responder,aclarar
2026-08-22,responder,cita
2026-08-22,silencio,en_manos_de_asesor
2026-08-22,responder,pago
2026-08-22,responder,aclarar
2026-08-22,derivar,pide_persona
2026-08-22,responder,delivery
2026-08-22,responder,delivery
2026-08-22,responder,cita
2026-08-22,derivar,pide_persona
2026-08-22,responder,delivery
2026-08-22,responder,aclarar
2026-08-22,responder,pago
2026-08-23,responder,cita
2026-08-23,responder,pago
2026-08-23,responder,promociones
2026-08-23,responder,aclarar
2026-08-23,responder,aclarar
2026-08-23,responder,horario
2026-08-23,derivar,reclamo
2026-08-23,responder,precio_lentes
2026-08-23,responder,pago
2026-08-23,responder,pago
2026-08-23,responder,cita
2026-08-23,responder,cita
2026-08-23,responder,promociones
2026-08-23,responder,aclarar
2026-08-23,responder,cita
2026-08-23,responder,pago
2026-08-23,responder,precio_lentes
2026-08-23,responder,cita
2026-08-23,responder,delivery
2026-08-23,responder,promociones
2026-08-23,derivar,sin_respuesta
2026-08-24,responder,delivery
2026-08-24,responder,horario
2026-08-24,derivar,sin_respuesta
2026-08-24,responder,delivery
2026-08-24,responder,pago
2026-08-24,responder,pago
2026-08-24,responder,aclarar
2026-08-24,responder,promociones
2026-08-24,derivar,reclamo
2026-08-24,responder,aclarar
2026-08-24,responder,pago
2026-08-24,responder,delivery
2026-08-24,responder,pago
2026-08-24,derivar,pide_persona
2026-08-24,responder,precio_lentes
2026-08-24,responder,cita
2026-08-24,responder,pago
2026-08-24,responder,pago
2026-08-24,responder,horario
2026-08-24,derivar,sin_respuesta
2026-08-25,responder,pago
2026-08-25,derivar,sin_respuesta
2026-08-25,silencio,en_manos_de_asesor
2026-08-25,silencio,en_manos_de_asesor
2026-08-25,responder,pago
2026-08-25,responder,cita
2026-08-25,derivar,reclamo
2026-08-25,responder,pago
2026-08-25,responder,promociones
2026-08-25,responder,promociones
2026-08-25,responder,horario
2026-08-25,derivar,reclamo
2026-08-25,responder,cita
2026-08-25,responder,precio_lentes
2026-08-25,responder,cita
2026-08-25,responder,precio_lentes
2026-08-25,derivar,reclamo
2026-08-26,responder,aclarar
2026-08-26,responder,delivery
2026-08-26,responder,promociones
2026-08-26,responder,cita
2026-08-26,derivar,pide_persona
2026-08-26,responder,aclarar
2026-08-26,silencio,en_manos_de_asesor
2026-08-26,responder,pago
2026-08-26,responder,delivery
2026-08-26,responder,delivery
2026-08-26,responder,cita
2026-08-26,derivar,sin_respuesta
2026-08-26,responder,pago
2026-08-26,responder,precio_lentes
2026-08-26,responder,pago
2026-08-26,responder,aclarar
2026-08-26,responder,promociones
2026-08-26,responder,horario
2026-08-27,responder,horario
2026-08-27,responder,cita
2026-08-27,responder,horario
2026-08-27,responder,promociones
2026-08-27,responder,cita
2026-08-27,responder,aclarar
2026-08-27,responder,delivery
2026-08-27,responder,precio_lentes
2026-08-27,responder,cita
2026-08-27,responder,delivery
2026-08-27,responder,precio_lentes
2026-08-27,responder,precio_lentes
2026-08-27,responder,promociones
2026-08-27,responder,precio_lentes
2026-08-27,derivar,reclamo
2026-08-27,responder,delivery
2026-08-27,responder,cita
2026-08-27,derivar,pide_persona
2026-08-28,responder,aclarar
2026-08-28,responder,cita
2026-08-28,responder,horario
2026-08-28,responder,aclarar
2026-08-28,responder,promociones
2026-08-28,responder,promociones
2026-08-28,responder,aclarar
2026-08-28,derivar,pide_persona
2026-08-28,responder,precio_lentes
2026-08-28,responder,precio_lentes
2026-08-28,responder,promociones
2026-08-28,responder,promociones
2026-08-28,responder,precio_lentes
2026-08-28,responder,promociones
2026-08-28,responder,delivery
2026-08-28,responder,promociones
2026-08-28,responder,aclarar
2026-08-28,responder,promociones
2026-08-28,responder,aclarar
2026-08-28,responder,precio_lentes
2026-08-28,responder,cita
2026-08-29,responder,pago
2026-08-29,derivar,reclamo
2026-08-29,responder,horario
2026-08-29,derivar,pide_persona
2026-08-29,responder,precio_lentes
2026-08-29,responder,pago
2026-08-29,responder,pago
2026-08-29,responder,promociones
2026-08-29,responder,delivery
2026-08-29,responder,promociones
2026-08-29,responder,cita
2026-08-29,responder,delivery
2026-08-29,silencio,en_manos_de_asesor
2026-08-29,responder,cita
2026-08-29,responder,horario
2026-08-29,responder,precio_lentes
2026-08-29,responder,delivery
2026-08-29,responder,horario
2026-08-29,responder,promociones
2026-08-30,responder,precio_lentes
2026-08-30,derivar,pide_persona
2026-08-30,derivar,pide_persona
2026-08-30,responder,aclarar
2026-08-30,responder,pago
2026-08-30,responder,horario
2026-08-30,responder,delivery
2026-08-30,responder,precio_lentes
2026-08-30,responder,cita
2026-08-30,responder,promociones
2026-08-30,responder,precio_lentes
2026-08-30,responder,pago
2026-08-30,derivar,pide_persona
2026-08-30,silencio,en_manos_de_asesor
2026-08-30,responder,promociones
2026-08-30,responder,aclarar
2026-08-30,responder,cita
2026-08-30,responder,pago
2026-08-30,responder,cita
2026-08-31,responder,precio_lentes
2026-08-31,responder,delivery
2026-08-31,responder,pago
2026-08-31,responder,precio_lentes
2026-08-31,responder,delivery
2026-08-31,responder,aclarar
2026-08-31,responder,delivery
2026-08-31,responder,delivery
2026-08-31,responder,horario
2026-08-31,responder,promociones
2026-08-31,derivar,pide_persona
2026-08-31,responder,delivery
2026-08-31,responder,delivery
2026-08-31,responder,aclarar
2026-09-01,responder,horario
2026-09-01,derivar,reclamo
2026-09-01,responder,aclarar
2026-09-01,responder,precio_lentes
2026-09-01,responder,cita
2026-09-01,responder,pago
2026-09-01,silencio,en_manos_de_asesor
2026-09-01,responder,delivery
2026-09-01,responder,cita
2026-09-01,responder,horario
2026-09-01,responder,horario
2026-09-01,responder,delivery
2026-09-01,responder,delivery
2026-09-01,responder,pago
2026-09-01,responder,horario
2026-09-01,responder,cita
2026-09-01,responder,promociones
2026-09-01,responder,horario
2026-09-02,derivar,sin_respuesta
2026-09-02,responder,cita
2026-09-02,responder,precio_lentes
2026-09-02,responder,precio_lentes
2026-09-02,silencio,en_manos_de_asesor
2026-09-02,derivar,pide_persona
2026-09-02,responder,horario
2026-09-02,derivar,reclamo
2026-09-02,responder,delivery
2026-09-02,derivar,sin_respuesta
2026-09-02,responder,promociones
2026-09-02,responder,delivery
2026-09-02,responder,cita
2026-09-02,responder,cita
2026-09-02,responder,aclarar
2026-09-02,derivar,sin_respuesta
2026-09-02,responder,precio_lentes
2026-09-03,responder,pago
2026-09-03,responder,pago
2026-09-03,responder,delivery
2026-09-03,responder,delivery
2026-09-03,responder,cita
2026-09-03,responder,horario
2026-09-03,responder,precio_lentes
2026-09-03,silencio,en_manos_de_asesor
2026-09-03,responder,aclarar
2026-09-03,derivar,sin_respuesta
2026-09-03,responder,horario
2026-09-03,responder,horario
2026-09-03,responder,pago
2026-09-03,responder,horario
2026-09-03,derivar,sin_respuesta
2026-09-03,responder,cita
2026-09-03,derivar,sin_respuesta
2026-09-03,responder,precio_lentes
2026-09-03,responder,delivery
2026-09-03,responder,aclarar
2026-09-03,responder,precio_lentes
2026-09-03,responder,aclarar
2026-09-03,derivar,pide_persona
2026-09-04,responder,aclarar
2026-09-04,responder,aclarar
2026-09-04,responder,promociones
2026-09-04,responder,cita
2026-09-04,responder,delivery
2026-09-04,responder,aclarar
2026-09-04,responder,precio_lentes
2026-09-04,derivar,reclamo
2026-09-04,responder,horario
2026-09-04,responder,promociones
2026-09-04,responder,cita
2026-09-04,responder,pago
2026-09-04,responder,promociones
2026-09-04,responder,cita
2026-09-04,responder,horario
2026-09-04,responder,aclarar
2026-09-04,responder,pago
2026-09-04,responder,cita
2026-09-05,responder,cita
2026-09-05,responder,aclarar
2026-09-05,responder,precio_lentes
2026-09-05,responder,cita
2026-09-05,responder,cita
2026-09-05,responder,pago
2026-09-05,derivar,sin_respuesta
2026-09-05,responder,precio_lentes
2026-09-05,responder,pago
2026-09-05,responder,promociones
2026-09-05,responder,delivery
2026-09-05,responder,horario
2026-09-05,responder,delivery
2026-09-05,responder,pago
2026-09-05,responder,horario
2026-09-05,responder,promociones
2026-09-05,responder,pago
2026-09-05,silencio,en_manos_de_asesor
2026-09-05,silencio,en_manos_de_asesor
2026-09-05,responder,aclarar
2026-09-05,responder,horario
2026-09-05,silencio,en_manos_de_asesor
2026-09-05,responder,pago
2026-09-05,responder,aclarar
2026-09-06,responder,pago
2026-09-06,responder,pago
2026-09-06,responder,promociones
2026-09-06,responder,cita
2026-09-06,derivar,reclamo
2026-09-06,derivar,pide_persona
2026-09-06,derivar,pide_persona
2026-09-06,derivar,sin_respuesta
2026-09-06,derivar,sin_respuesta
2026-09-06,responder,precio_lentes
2026-09-06,responder,aclarar
2026-09-06,derivar,reclamo
2026-09-06,silencio,en_manos_de_asesor
2026-09-06,responder,delivery
2026-09-06,responder,aclarar
2026-09-06,derivar,pide_persona
2026-09-06,responder,aclarar
2026-09-06,responder,precio_lentes
2026-09-07,derivar,sin_respuesta
2026-09-07,responder,precio_lentes
2026-09-07,responder,promociones
2026-09-07,responder,promociones
2026-09-07,responder,precio_lentes
2026-09-07,responder,delivery
2026-09-07,silencio,en_manos_de_asesor
2026-09-07,responder,pago
2026-09-07,derivar,sin_respuesta
2026-09-07,responder,horario
2026-09-07,responder,aclarar
2026-09-07,responder,precio_lentes
2026-09-07,responder,cita
2026-09-07,responder,delivery
2026-09-07,responder,precio_lentes
2026-09-07,derivar,pide_persona
2026-09-07,responder,pago
2026-09-07,responder,horario
2026-09-07,responder,promociones
2026-09-08,responder,aclarar
2026-09-08,responder,delivery
2026-09-08,responder,cita
2026-09-08,responder,delivery
2026-09-08,derivar,pide_persona
2026-09-08,responder,precio_lentes
2026-09-08,responder,precio_lentes
2026-09-08,derivar,sin_respuesta
2026-09-08,responder,horario
2026-09-08,responder,horario
2026-09-08,responder,promociones
2026-09-08,responder,cita
2026-09-08,responder,horario
2026-09-08,responder,delivery
2026-09-08,responder,delivery
2026-09-08,responder,horario
2026-09-08,responder,delivery
2026-09-08,responder,horario
2026-09-08,responder,precio_lentes
2026-09-08,responder,horario
2026-09-08,responder,delivery
2026-09-08,responder,aclarar
2026-09-08,responder,delivery
2026-09-09,responder,delivery
2026-09-09,silencio,en_manos_de_asesor
2026-09-09,responder,pago
2026-09-09,responder,aclarar
2026-09-09,responder,cita
2026-09-09,responder,delivery
2026-09-09,responder,delivery
2026-09-09,derivar,sin_respuesta
2026-09-09,responder,precio_lentes
2026-09-09,derivar,sin_respuesta
2026-09-09,responder,promociones
2026-09-09,responder,cita
2026-09-09,responder,delivery
2026-09-09,responder,horario
2026-09-09,responder,cita
2026-09-10,derivar,reclamo
2026-09-10,derivar,pide_persona
2026-09-10,silencio,en_manos_de_asesor
2026-09-10,responder,precio_lentes
2026-09-10,responder,precio_lentes
2026-09-10,responder,aclarar
2026-09-10,responder,pago
2026-09-10,responder,precio_lentes
2026-09-10,responder,precio_lentes
2026-09-10,responder,aclarar
2026-09-10,responder,aclarar
2026-09-10,derivar,pide_persona
2026-09-10,responder,precio_lentes
2026-09-10,responder,aclarar
2026-09-10,responder,horario
2026-09-10,responder,delivery
2026-09-10,derivar,reclamo
2026-09-10,responder,cita
2026-09-11,responder,cita
2026-09-11,responder,cita
2026-09-11,responder,precio_lentes
2026-09-11,derivar,reclamo
2026-09-11,responder,cita
2026-09-11,responder,delivery
2026-09-11,responder,aclarar
2026-09-11,responder,delivery
2026-09-11,silencio,en_manos_de_asesor
2026-09-11,derivar,sin_respuesta
2026-09-11,responder,delivery
2026-09-11,responder,horario
2026-09-11,responder,aclarar
2026-09-11,responder,aclarar
2026-09-11,derivar,sin_respuesta
2026-09-11,responder,pago
2026-09-11,responder,promociones
2026-09-11,responder,promociones
2026-09-11,responder,promociones
2026-09-11,derivar,reclamo
2026-09-12,responder,aclarar
2026-09-12,responder,promociones
2026-09-12,responder,horario
2026-09-12,responder,precio_lentes
2026-09-12,responder,promociones
2026-09-12,responder,horario
2026-09-12,responder,horario
2026-09-12,responder,horario
2026-09-12,responder,precio_lentes
2026-09-12,responder,promociones
2026-09-12,responder,precio_lentes
2026-09-12,responder,promociones
2026-09-12,responder,delivery
2026-09-12,responder,delivery
2026-09-12,derivar,reclamo
2026-09-13,responder,cita
2026-09-13,responder,promociones
2026-09-13,responder,precio_lentes
2026-09-13,responder,precio_lentes
2026-09-13,responder,promociones
2026-09-13,responder,horario
2026-09-13,responder,cita
2026-09-13,responder,precio_lentes
2026-09-13,silencio,en_manos_de_asesor
2026-09-13,responder,cita
2026-09-13,responder,pago
2026-09-13,responder,delivery
2026-09-13,responder,pago
2026-09-13,responder,promociones
2026-09-13,responder,promociones
2026-09-13,responder,cita
2026-09-13,responder,horario
