fecha,estado,total
2026-07-06,registrada,1896.34
2026-07-06,registrada,609.50
2026-07-09,registrada,1501.04
2026-07-09,registrada,2436.59
2026-07-13,registrada,614.68
2026-07-13,registrada,813.12
2026-07-16,registrada,1163.09
2026-07-20,registrada,1076.95
2026-07-23,registrada,1585.27
2026-07-27,registrada,1856.77
2026-07-27,registrada,2028.57
2026-07-30,registrada,1533.97
2026-08-03,registrada,1442.01
2026-08-06,registrada,2023.65
2026-08-10,registrada,1416.66
2026-08-13,revision,544.97
2026-08-17,registrada,1163.63
2026-08-20,registrada,2246.03
2026-08-20,registrada,587.43
2026-08-24,registrada,2275.87
2026-08-27,registrada,835.93
2026-08-31,registrada,495.12
2026-09-03,registrada,310.31
2026-09-07,registrada,2052.28
2026-09-10,registrada,1864.97
