fecha,canal,gasto,clics
2026-07-06,Meta Ads,50.40,48
2026-07-06,Google Ads,34.93,66
2026-07-07,Meta Ads,43.46,89
2026-07-07,Google Ads,34.88,48
2026-07-08,Meta Ads,46.01,87
2026-07-08,Google Ads,34.42,70
2026-07-09,Meta Ads,43.08,70
2026-07-09,Google Ads,32.65,67
2026-07-10,Meta Ads,48.05,60
2026-07-10,Google Ads,30.48,82
2026-07-11,Meta Ads,44.36,43
2026-07-11,Google Ads,32.70,52
2026-07-12,Meta Ads,47.06,41
2026-07-12,Google Ads,35.13,59
2026-07-13,Meta Ads,45.38,45
2026-07-13,Google Ads,38.68,41
2026-07-14,Meta Ads,50.26,48
2026-07-14,Google Ads,32.49,70
2026-07-15,Meta Ads,42.16,49
2026-07-15,Google Ads,39.69,83
2026-07-16,Meta Ads,44.98,87
2026-07-16,Google Ads,39.33,44
2026-07-17,Meta Ads,41.19,70
2026-07-17,Google Ads,38.53,89
2026-07-18,Meta Ads,41.89,42
2026-07-18,Google Ads,33.17,56
2026-07-19,Meta Ads,40.09,78
2026-07-19,Google Ads,36.94,45
2026-07-20,Meta Ads,43.86,60
2026-07-20,Google Ads,36.62,42
2026-07-21,Meta Ads,41.73,53
2026-07-21,Google Ads,36.50,79
2026-07-22,Meta Ads,42.26,87
2026-07-22,Google Ads,35.69,52
2026-07-23,Meta Ads,48.75,58
2026-07-23,Google Ads,29.63,90
2026-07-24,Meta Ads,41.08,52
2026-07-24,Google Ads,36.86,49
2026-07-25,Meta Ads,47.61,80
2026-07-25,Google Ads,36.21,77
2026-07-26,Meta Ads,44.41,66
2026-07-26,Google Ads,33.79,48
2026-07-27,Meta Ads,40.23,90
2026-07-27,Google Ads,39.25,74
2026-07-28,Meta Ads,44.20,43
2026-07-28,Google Ads,29.65,40
2026-07-29,Meta Ads,45.33,78
2026-07-29,Google Ads,30.17,83
2026-07-30,Meta Ads,49.37,65
2026-07-30,Google Ads,32.74,68
2026-07-31,Meta Ads,45.51,69
2026-07-31,Google Ads,38.88,47
2026-08-01,Meta Ads,40.25,58
2026-08-01,Google Ads,31.20,86
2026-08-02,Meta Ads,41.31,59
2026-08-02,Google Ads,36.11,81
2026-08-03,Meta Ads,48.73,57
2026-08-03,Google Ads,31.60,66
2026-08-04,Meta Ads,47.62,71
2026-08-04,Google Ads,37.22,68
2026-08-05,Meta Ads,41.03,77
2026-08-05,Google Ads,30.29,62
2026-08-06,Meta Ads,50.36,68
2026-08-06,Google Ads,38.56,90
2026-08-07,Meta Ads,43.48,85
2026-08-07,Google Ads,29.82,65
2026-08-08,Meta Ads,41.90,77
2026-08-08,Google Ads,40.53,55
2026-08-09,Meta Ads,43.65,50
2026-08-09,Google Ads,31.83,68
2026-08-10,Meta Ads,50.60,45
2026-08-10,Google Ads,37.35,83
2026-08-11,Meta Ads,41.32,90
2026-08-11,Google Ads,29.42,71
2026-08-12,Meta Ads,50.70,80
2026-08-12,Google Ads,31.02,63
2026-08-13,Meta Ads,48.17,52
2026-08-13,Google Ads,34.78,72
2026-08-14,Meta Ads,42.05,51
2026-08-14,Google Ads,32.31,73
2026-08-15,Meta Ads,40.99,88
2026-08-15,Google Ads,32.45,69
2026-08-16,Meta Ads,48.63,72
2026-08-16,Google Ads,36.01,77
2026-08-17,Meta Ads,45.96,64
2026-08-17,Google Ads,34.17,41
2026-08-18,Meta Ads,50.09,42
2026-08-18,Google Ads,35.02,75
2026-08-19,Meta Ads,44.97,52
2026-08-19,Google Ads,33.28,77
2026-08-20,Meta Ads,43.31,81
2026-08-20,Google Ads,39.73,73
2026-08-21,Meta Ads,41.60,55
2026-08-21,Google Ads,39.95,72
2026-08-22,Meta Ads,50.93,50
2026-08-22,Google Ads,39.08,83
2026-08-23,Meta Ads,39.00,51
2026-08-23,Google Ads,31.12,55
2026-08-24,Meta Ads,47.25,46
2026-08-24,Google Ads,34.32,63
2026-08-25,Meta Ads,41.71,49
2026-08-25,Google Ads,33.55,82
2026-08-26,Meta Ads,47.68,63
2026-08-26,Google Ads,30.29,80
2026-08-27,Meta Ads,41.62,46
2026-08-27,Google Ads,39.81,76
2026-08-28,Meta Ads,39.84,49
2026-08-28,Google Ads,38.58,41
2026-08-29,Meta Ads,39.26,66
2026-08-29,Google Ads,40.01,41
2026-08-30,Meta Ads,41.18,53
2026-08-30,Google Ads,36.18,82
2026-08-31,Meta Ads,42.55,54
2026-08-31,Google Ads,37.72,68
2026-09-01,Meta Ads,40.67,68
2026-09-01,Google Ads,33.44,42
2026-09-02,Meta Ads,47.37,56
2026-09-02,Google Ads,40.67,82
2026-09-03,Meta Ads,47.61,81
2026-09-03,Google Ads,30.59,70
2026-09-04,Meta Ads,46.88,58
2026-09-04,Google Ads,29.34,54
2026-09-05,Meta Ads,48.54,83
2026-09-05,Google Ads,29.71,59
2026-09-06,Meta Ads,42.51,88
2026-09-06,Google Ads,32.08,59
2026-09-07,Meta Ads,86.50,53
2026-09-07,Google Ads,36.42,74
2026-09-08,Meta Ads,87.50,78
2026-09-08,Google Ads,32.58,52
2026-09-09,Meta Ads,83.92,72
2026-09-09,Google Ads,32.46,54
2026-09-10,Meta Ads,92.86,80
2026-09-10,Google Ads,40.03,40
2026-09-11,Meta Ads,99.14,49
2026-09-11,Google Ads,39.17,51
2026-09-12,Meta Ads,97.02,78
2026-09-12,Google Ads,38.60,85
2026-09-13,Meta Ads,85.16,63
2026-09-13,Google Ads,32.85,78
